{"cameraMode":{"drawMode":0,"name":"Shaded","section":"Shading Mode"},"sceneLighting":true,"audioPlay":false,"sceneViewState":{"showFog":true,"showMaterialUpdate":false,"showSkybox":true,"showFlares":true,"showImageEffects":true,"showParticleSystems":true},"in2DMode":false,"pivot":{"x":16.860214233398439,"y":2.935945510864258,"z":15.792988777160645},"rotation":{"x":-0.3172411024570465,"y":-0.23721952736377717,"z":0.0822923555970192,"w":-0.914505660533905},"size":6.53862190246582,"orthographic":false}