{"cameraMode":{"drawMode":0,"name":"Shaded","section":"Shading Mode"},"sceneLighting":false,"audioPlay":false,"sceneViewState":{"showFog":true,"showMaterialUpdate":false,"showSkybox":false,"showFlares":true,"showImageEffects":true,"showParticleSystems":true},"in2DMode":false,"pivot":{"x":56.85639190673828,"y":0.699999988079071,"z":70.41397857666016},"rotation":{"x":-0.3190179169178009,"y":-0.0953189879655838,"z":0.03226831555366516,"w":-0.942395031452179},"size":1.3285330533981324,"orthographic":false}