{"cameraMode":{"drawMode":0,"name":"Shaded","section":"Shading Mode"},"sceneLighting":false,"audioPlay":false,"sceneViewState":{"showFog":true,"showMaterialUpdate":false,"showSkybox":false,"showFlares":true,"showImageEffects":true,"showParticleSystems":true},"in2DMode":false,"pivot":{"x":40.229888916015628,"y":13.742239952087403,"z":48.03913879394531},"rotation":{"x":0.00016534337191842496,"y":0.9998192191123962,"z":0.01018900889903307,"w":-0.016197679564356805},"size":0.7652305960655212,"orthographic":false}