{"cameraMode":{"drawMode":0,"name":"Shaded","section":"Shading Mode"},"sceneLighting":true,"audioPlay":false,"sceneViewState":{"showFog":true,"showMaterialUpdate":false,"showSkybox":true,"showFlares":true,"showImageEffects":true,"showParticleSystems":true},"in2DMode":false,"pivot":{"x":20.31523895263672,"y":-1.5874638557434083,"z":18.018898010253908},"rotation":{"x":0.3141339421272278,"y":0.4540446996688843,"z":-0.17496369779109956,"w":0.8152018785476685},"size":12.399116516113282,"orthographic":false}