{"cameraMode":{"drawMode":0,"name":"Shaded","section":"Shading Mode"},"sceneLighting":false,"audioPlay":false,"sceneViewState":{"showFog":true,"showMaterialUpdate":false,"showSkybox":false,"showFlares":true,"showImageEffects":true,"showParticleSystems":true},"in2DMode":false,"pivot":{"x":13.015975952148438,"y":3.0758402347564699,"z":16.425376892089845},"rotation":{"x":0.1131773367524147,"y":0.8390980362892151,"z":-0.496511310338974,"w":0.19126838445663453},"size":2.3606467247009279,"orthographic":false}