{"cameraMode":{"drawMode":0,"name":"Shaded","section":"Shading Mode"},"sceneLighting":false,"audioPlay":false,"sceneViewState":{"showFog":true,"showMaterialUpdate":false,"showSkybox":false,"showFlares":true,"showImageEffects":true,"showParticleSystems":true},"in2DMode":false,"pivot":{"x":70.23509216308594,"y":13.81900405883789,"z":39.441917419433597},"rotation":{"x":-0.05407613143324852,"y":0.9451879262924194,"z":-0.20770291984081269,"w":-0.24608300626277924},"size":0.07366609573364258,"orthographic":false}