{"cameraMode":{"drawMode":0,"name":"Shaded","section":"Shading Mode"},"sceneLighting":true,"audioPlay":false,"sceneViewState":{"showFog":true,"showMaterialUpdate":false,"showSkybox":true,"showFlares":true,"showImageEffects":true,"showParticleSystems":true},"in2DMode":false,"pivot":{"x":14.500411987304688,"y":0.4799923598766327,"z":10.056933403015137},"rotation":{"x":-0.3369649648666382,"y":-0.30693286657333376,"z":0.11721913516521454,"w":-0.8823301196098328},"size":11.2598237991333,"orthographic":false}