{"cameraMode":{"drawMode":0,"name":"Shaded","section":"Shading Mode"},"sceneLighting":false,"audioPlay":false,"sceneViewState":{"showFog":true,"showMaterialUpdate":false,"showSkybox":false,"showFlares":true,"showImageEffects":true,"showParticleSystems":true},"in2DMode":false,"pivot":{"x":40.3276481628418,"y":13.634374618530274,"z":48.181400299072269},"rotation":{"x":-0.3003900349140167,"y":-0.2928534746170044,"z":0.09747454524040222,"w":-0.9024973511695862},"size":2.2863121032714845,"orthographic":false}