{"cameraMode":{"drawMode":0,"name":"Shaded","section":"Shading Mode"},"sceneLighting":false,"audioPlay":false,"sceneViewState":{"showFog":true,"showMaterialUpdate":false,"showSkybox":false,"showFlares":true,"showImageEffects":true,"showParticleSystems":true},"in2DMode":false,"pivot":{"x":60.80502700805664,"y":2.520340919494629,"z":60.805023193359378},"rotation":{"x":-0.16278307139873506,"y":0.8369141221046448,"z":-0.3816099166870117,"w":-0.3570018708705902},"size":320.8863220214844,"orthographic":false}