{"cameraMode":{"drawMode":0,"name":"Shaded","section":"Shading Mode"},"sceneLighting":false,"audioPlay":false,"sceneViewState":{"showFog":true,"showMaterialUpdate":false,"showSkybox":false,"showFlares":true,"showImageEffects":true,"showParticleSystems":true},"in2DMode":false,"pivot":{"x":40.54645919799805,"y":13.410064697265625,"z":48.181400299072269},"rotation":{"x":-0.009213937446475029,"y":-0.9845999479293823,"z":0.16578106582164765,"w":-0.05472465977072716},"size":1.741220474243164,"orthographic":false}