{"cameraMode":{"drawMode":0,"name":"Shaded","section":"Shading Mode"},"sceneLighting":false,"audioPlay":false,"sceneViewState":{"showFog":true,"showMaterialUpdate":false,"showSkybox":false,"showFlares":true,"showImageEffects":true,"showParticleSystems":true},"in2DMode":false,"pivot":{"x":86.3471450805664,"y":13.634374618530274,"z":31.550540924072267},"rotation":{"x":-0.009213937446475029,"y":-0.9845999479293823,"z":0.16578106582164765,"w":-0.05472465977072716},"size":2.286308765411377,"orthographic":false}